lat_grid,lon_grid,grid_total_violations,grid_active_hours,grid_unique_vehicle_types,grid_junction_fraction
12.8,77.7,1,1,1,0.0
12.805,77.69500000000001,42,8,4,0.0
12.81,77.69,8,2,1,0.0
12.815,77.685,190,12,12,0.0
12.815,77.69,4,2,1,0.0
12.82,77.68,3,2,2,0.0
12.82,77.685,70,9,9,0.0
12.825,77.68,28,6,10,0.0
12.83,77.675,2,1,1,0.0
12.83,77.68,8,3,4,0.0
12.835,77.65,1,1,1,0.0
12.835,77.655,1,1,1,0.0
12.835,77.66,3,1,2,0.0
12.835,77.675,103,13,12,0.0
12.835,77.68,2,1,2,0.0
12.84,77.58500000000001,2,1,2,0.0
12.84,77.635,1,1,1,0.0
12.84,77.64,599,16,16,0.0
12.84,77.645,1442,13,11,0.0
12.84,77.65,91,11,10,0.0
12.84,77.655,1,1,1,0.0
12.84,77.66,14,6,5,0.0
12.84,77.67,5,5,2,0.0
12.84,77.675,365,18,9,0.0
12.84,77.685,19,6,7,0.0
12.845,77.58500000000001,2,2,2,0.0
12.845,77.645,2,2,1,0.0
12.845,77.65,1,1,1,0.0
12.845,77.655,5,1,2,0.0
12.845,77.665,5,3,2,0.0
12.845,77.67,7,4,2,0.0
12.845,77.68,1,1,1,0.0
12.85,77.58500000000001,26,10,5,0.0
12.85,77.655,116,3,4,0.0
12.85,77.66,51,10,6,0.0
12.85,77.665,5,3,2,0.0
12.85,77.67,1,1,1,0.0
12.855,77.525,2,2,2,0.0
12.855,77.565,1,1,1,0.0
12.855,77.58500000000001,65,15,12,0.0
12.855,77.59,1,1,1,0.0
12.855,77.645,5,3,3,0.0
12.855,77.66,58,12,11,0.0
12.855,77.665,7,4,5,0.0
12.855,77.7,7,2,2,0.0
12.86,77.525,33,5,6,0.0
12.86,77.53,41,7,5,0.0
12.86,77.58500000000001,5,3,2,0.0
12.86,77.59,1,1,1,0.0
12.86,77.61,1,1,1,0.0
12.86,77.645,1,1,1,0.0
12.86,77.655,2,1,2,0.0
12.86,77.66,6,3,4,0.0
12.86,77.67,5,3,4,0.0
12.86,77.705,2,1,1,0.0
12.865,77.53,14,8,6,0.0
12.865,77.535,46,9,7,0.0
12.865,77.565,2,1,2,0.0
12.865,77.575,1,1,1,0.0
12.865,77.58,2,2,2,0.0
12.865,77.59,5,5,3,0.0
12.865,77.65,78,13,6,0.0
12.865,77.655,8,3,3,0.0
12.865,77.66,15,3,3,0.0
12.87,77.535,52,10,5,0.0
12.87,77.54,40,11,6,0.0
12.87,77.56,3,1,3,0.0
12.87,77.565,18,4,7,0.0
12.87,77.57000000000001,5,3,3,0.0
12.87,77.58,2,2,1,0.0
12.87,77.59,54,10,6,0.0
12.87,77.595,1,1,1,0.0
12.87,77.60000000000001,1,1,1,0.0
12.87,77.615,1,1,1,0.0
12.87,77.64,16,5,5,0.0
12.87,77.645,34,8,9,0.0
12.87,77.65,281,13,11,0.0
12.87,77.655,198,13,12,0.0
12.87,77.665,8,4,4,0.0
12.875,77.44500000000001,4,3,2,0.0
12.875,77.515,1,1,1,0.0
12.875,77.525,1,1,1,0.0
12.875,77.53,2,1,1,0.0
12.875,77.535,1,1,1,0.0
12.875,77.54,73,12,8,0.0
12.875,77.545,49,12,6,0.0
12.875,77.555,4,4,2,0.0
12.875,77.59,4,2,3,0.0
12.875,77.595,524,14,9,0.0
12.875,77.60000000000001,6,1,2,0.0
12.875,77.605,1,1,1,0.0
12.875,77.61,7,3,2,0.0
12.875,77.615,55,11,6,0.0
12.875,77.62,1,1,1,0.0
12.875,77.625,7,3,5,0.0
12.875,77.635,27,6,7,0.0
12.875,77.64,9,3,3,0.0
12.875,77.645,347,14,15,0.0
12.875,77.65,1,1,1,0.0
12.875,77.665,3,2,1,0.0
12.875,77.67,69,12,8,0.0
12.875,77.735,1,1,1,0.0
12.88,77.5,1,1,1,0.0
12.88,77.54,3,3,2,0.0
12.88,77.545,56,11,9,0.0
12.88,77.55,10,7,6,0.0
12.88,77.595,168,14,11,0.0
12.88,77.60000000000001,16,2,6,0.0
12.88,77.605,13,6,3,0.0
12.88,77.61,2,2,2,0.0
12.88,77.63,6,1,1,0.0
12.88,77.635,20,6,6,0.0
12.88,77.64,306,12,14,0.0
12.88,77.645,87,12,13,0.0
12.88,77.65,7,1,5,0.0
12.88,77.655,1,1,1,0.0
12.88,77.67,1,1,1,0.0
12.88,77.75,52,14,11,0.0
12.88,77.755,1,1,1,0.0
12.885,77.535,1,1,1,0.0
12.885,77.555,10,7,5,0.0
12.885,77.56,358,14,10,0.0
12.885,77.565,12,5,4,0.0
12.885,77.57000000000001,14,3,6,0.0
12.885,77.58,2,2,1,0.0
12.885,77.59,4,2,2,0.0
12.885,77.595,14,8,5,0.0
12.885,77.61,1,1,1,0.0
12.885,77.625,1,1,1,0.0
12.885,77.635,103,13,14,0.0
12.885,77.64,349,14,12,0.0
12.885,77.645,23,4,5,0.0
12.885,77.65,13,1,6,0.0
12.885,77.655,1,1,1,0.0
12.885,77.665,4,2,1,0.0
12.885,77.67,13,5,6,0.0
12.885,77.735,20,9,7,0.0
12.885,77.745,1,1,1,0.0
12.89,77.535,1,1,1,0.0
12.89,77.55,1,1,1,0.0
12.89,77.555,3,3,1,0.0
12.89,77.56,25,7,5,0.0
12.89,77.565,55,6,5,0.0
12.89,77.57000000000001,32,11,7,0.0
12.89,77.575,1,1,1,0.0
12.89,77.58,18,5,6,0.0
12.89,77.58500000000001,1,1,1,0.0
12.89,77.59,4,4,2,0.0
12.89,77.595,108,12,5,0.0
12.89,77.60000000000001,1,1,1,0.0
12.89,77.605,3,2,2,0.0
12.89,77.615,6,2,3,0.0
12.89,77.62,3,1,3,0.0
12.89,77.625,4,3,2,0.0
12.89,77.63,26,4,4,0.0
12.89,77.635,875,16,14,0.0
12.89,77.64,5,4,4,0.0
12.89,77.645,1,1,1,0.0
12.89,77.655,68,12,12,0.0
12.89,77.665,11,3,2,0.0
12.89,77.675,5,3,2,0.0
12.895,77.45,4,3,2,0.0
12.895,77.46000000000001,1,1,1,0.0
12.895,77.555,1,1,1,0.0
12.895,77.565,1,1,1,0.0
12.895,77.57000000000001,40,11,7,0.0
12.895,77.58,2,1,1,0.0
12.895,77.58500000000001,15,8,3,0.0
12.895,77.595,94,11,3,0.0
12.895,77.605,17,5,5,0.0
12.895,77.615,3,3,1,0.0
12.895,77.62,5,2,2,0.0
12.895,77.625,8,5,3,0.0
12.895,77.63,87,9,10,0.0
12.895,77.635,68,11,11,0.0
12.895,77.645,9,2,4,0.0
12.895,77.65,16,5,6,0.0
12.895,77.655,11,7,4,0.0
12.895,77.67,3,1,1,0.0
12.895,77.675,487,17,11,0.0
12.895,77.715,81,13,9,0.0
12.895,77.72,93,14,10,0.0
12.9,77.44500000000001,1,1,1,0.0
12.9,77.465,2,2,1,0.0
12.9,77.51,4,3,3,0.0
12.9,77.515,1,1,1,0.0
12.9,77.525,1,1,1,0.0
12.9,77.53,1,1,1,0.0
12.9,77.54,3,3,2,0.0
12.9,77.565,5,2,2,0.0
12.9,77.57000000000001,16,4,5,1.0
12.9,77.575,2,1,2,1.0
12.9,77.58,2,1,2,0.0
12.9,77.58500000000001,110,13,9,0.5272727272727272
12.9,77.59,60,3,6,0.15
12.9,77.60000000000001,8,4,4,1.0
12.9,77.605,1,1,1,0.0
12.9,77.62,12,4,5,0.0
12.9,77.625,53,9,6,0.0
12.9,77.63,73,7,8,0.0
12.9,77.635,12,1,4,0.0
12.9,77.64,58,4,7,0.0
12.9,77.645,17,2,6,0.0
12.9,77.65,9,5,5,0.0
12.9,77.655,11,3,5,0.0
12.9,77.66,53,12,8,0.0
12.9,77.675,226,15,8,0.0
12.9,77.685,7,2,3,0.0
12.9,77.7,162,15,10,0.0
12.9,77.705,32,11,7,0.0
12.9,77.71000000000001,4,1,2,0.0
12.905,77.47500000000001,3,1,1,0.0
12.905,77.48,1,1,1,0.0
12.905,77.51,31,2,2,0.0
12.905,77.53,68,6,4,0.0
12.905,77.535,5,5,3,0.0
12.905,77.54,76,11,12,0.0
12.905,77.545,178,11,14,0.0
12.905,77.55,37,10,10,0.0
12.905,77.555,9,3,3,0.0
12.905,77.565,2,1,1,1.0
12.905,77.57000000000001,100,14,10,1.0
12.905,77.575,27,8,5,1.0
12.905,77.58,30,13,9,1.0
12.905,77.58500000000001,55,12,7,1.0
12.905,77.59,80,13,7,0.975
12.905,77.595,25,10,3,1.0
12.905,77.60000000000001,614,12,9,1.0
12.905,77.61,9,3,3,0.0
12.905,77.625,663,16,10,0.0
12.905,77.63,577,15,9,0.0
12.905,77.635,114,12,8,0.0
12.905,77.64,93,6,5,0.0
12.905,77.645,1,1,1,0.0
12.905,77.65,11,3,1,0.0
12.905,77.66,1,1,1,0.0
12.905,77.675,47,13,6,0.0
12.905,77.68,6,4,2,0.0
12.905,77.685,38,9,7,0.0
12.905,77.69,16,9,5,0.0
12.905,77.69500000000001,205,13,11,0.0
12.905,77.7,6,3,2,0.0
12.91,77.48,112,12,12,0.0
12.91,77.485,21,7,6,0.0
12.91,77.51,4,1,2,0.0
12.91,77.545,12,5,3,0.0
12.91,77.55,72,7,13,0.0
12.91,77.555,14,8,6,0.0
12.91,77.565,13,8,5,1.0
12.91,77.57000000000001,237,14,12,1.0
12.91,77.575,111,9,12,1.0
12.91,77.58,55,9,5,1.0
12.91,77.58500000000001,304,16,11,1.0
12.91,77.59,12,5,4,0.6666666666666666
12.91,77.595,8,5,3,1.0
12.91,77.60000000000001,112,9,7,0.125
12.91,77.605,515,12,9,0.5242718446601942
12.91,77.61,19,8,6,0.42105263157894735
12.91,77.62,8,3,4,0.0
12.91,77.625,427,18,18,0.0
12.91,77.63,495,14,7,0.0
12.91,77.635,1495,16,10,0.0
12.91,77.64,129,10,6,0.0
12.91,77.645,29,7,3,0.0
12.91,77.65,78,11,3,0.0
12.91,77.665,25,6,4,0.0
12.91,77.675,206,13,14,0.0
12.91,77.68,192,13,12,0.0
12.91,77.685,47,11,2,0.0
12.91,77.69500000000001,5,4,3,0.0
12.915,77.48,7,4,4,0.0
12.915,77.485,1,1,1,0.0
12.915,77.49,1,1,1,0.0
12.915,77.5,51,2,3,0.0
12.915,77.51,5,2,2,0.0
12.915,77.52,13,5,5,0.0
12.915,77.54,27,7,7,0.0
12.915,77.555,16,5,5,1.0
12.915,77.56,13,3,6,0.07692307692307693
12.915,77.565,4,3,2,0.25
12.915,77.57000000000001,527,16,12,0.9563567362428842
12.915,77.575,214,13,13,1.0
12.915,77.58,135,13,9,1.0
12.915,77.58500000000001,84,14,11,1.0
12.915,77.59,25,7,6,1.0
12.915,77.595,216,13,12,1.0
12.915,77.60000000000001,21,9,6,0.9047619047619048
12.915,77.605,12,5,5,0.4166666666666667
12.915,77.61,49,10,7,1.0
12.915,77.615,36,8,4,1.0
12.915,77.62,94,17,14,0.6914893617021277
12.915,77.625,20,11,7,0.0
12.915,77.63,27,7,8,0.0
12.915,77.635,125,13,7,0.0
12.915,77.64,33,9,8,0.0
12.915,77.645,34,10,3,0.0
12.915,77.65,175,12,4,0.0
12.915,77.665,50,10,7,0.0
12.915,77.67,267,14,14,0.0
12.915,77.68,1,1,1,0.0
12.915,77.685,12,4,4,0.0
12.915,77.69500000000001,28,11,5,0.0
12.915,77.735,8,2,2,0.0
12.92,77.47,1,1,1,0.0
12.92,77.48,1,1,1,0.0
12.92,77.485,8,4,3,0.0
12.92,77.49,2,2,2,0.0
12.92,77.495,7,3,5,0.0
12.92,77.51,4,2,3,0.0
12.92,77.515,3,2,3,0.0
12.92,77.53,2,1,1,0.0
12.92,77.545,1,1,1,0.0
12.92,77.55,10,6,5,1.0
12.92,77.555,9,4,4,1.0
12.92,77.56,22,11,7,0.9545454545454546
12.92,77.565,6,3,3,0.0
12.92,77.57000000000001,25,10,6,1.0
12.92,77.575,59,11,4,1.0
12.92,77.58,182,13,7,0.9945054945054945
12.92,77.58500000000001,111,14,5,0.7747747747747747
12.92,77.59,1,1,1,1.0
12.92,77.595,4,3,1,0.5
12.92,77.60000000000001,39,8,7,1.0
12.92,77.605,32,8,7,0.0
12.92,77.61,70,11,10,0.5428571428571428
12.92,77.615,266,16,15,0.9962406015037594
12.92,77.62,150,19,11,1.0
12.92,77.625,12,6,6,0.0
12.92,77.63,21,10,7,0.0
12.92,77.635,31,7,7,0.0
12.92,77.64,3,2,2,0.0
12.92,77.645,58,12,8,0.0
12.92,77.65,118,13,9,0.0
12.92,77.655,5,3,2,0.0
12.92,77.66,17,9,4,0.0
12.92,77.665,381,14,13,0.0
12.92,77.67,141,12,12,0.0
12.92,77.675,24,8,7,0.0
12.92,77.685,2,2,1,0.0
12.92,77.69,37,7,7,0.0
12.92,77.69500000000001,5,2,1,0.0
12.92,77.735,19,9,8,0.0
12.925,77.47500000000001,1,1,1,0.0
12.925,77.495,14,4,2,0.0
12.925,77.5,1,1,1,0.0
12.925,77.51,1,1,1,0.0
12.925,77.515,10,5,3,0.0
12.925,77.53,1,1,1,0.0
12.925,77.535,2,2,1,0.0
12.925,77.545,20,12,5,1.0
12.925,77.55,332,12,9,0.9879518072289156
12.925,77.56,3,1,1,0.0
12.925,77.565,20,4,6,0.0
12.925,77.57000000000001,9,3,4,1.0
12.925,77.575,18,6,6,1.0
12.925,77.58,1250,17,12,1.0
12.925,77.58500000000001,571,17,14,1.0
12.925,77.59,28,8,4,0.0
12.925,77.595,65,11,10,1.0
12.925,77.60000000000001,4,3,4,1.0
12.925,77.605,178,13,11,0.028089887640449437
12.925,77.61,3,3,3,1.0
12.925,77.615,387,16,18,0.4625322997416021
12.925,77.62,45,9,9,0.17777777777777778
12.925,77.625,7,4,4,0.0
12.925,77.63,216,14,8,0.0
12.925,77.635,3,2,3,0.0
12.925,77.665,22,1,3,0.0
12.925,77.67,4,4,3,0.0
12.925,77.675,1453,16,17,0.0
12.925,77.68,665,15,12,0.0
12.925,77.685,67,10,6,0.0
12.925,77.69,276,14,11,0.0
12.925,77.69500000000001,8,2,4,0.0
12.925,77.735,1,1,1,0.0
12.925,77.74,1,1,1,0.0
12.93,77.485,9,4,3,0.0
12.93,77.505,1,1,1,0.0
12.93,77.51,17,6,4,0.0
12.93,77.515,106,15,9,0.0
12.93,77.535,200,5,8,0.0
12.93,77.54,5,2,2,0.8
12.93,77.55,1,1,1,0.0
12.93,77.555,10,4,4,0.0
12.93,77.56,6,3,4,0.0
12.93,77.575,22,3,3,1.0
12.93,77.58,385,14,9,1.0
12.93,77.58500000000001,164,13,4,1.0
12.93,77.59,46,12,5,0.0
12.93,77.60000000000001,32,9,6,0.78125
12.93,77.605,601,15,12,0.4043261231281198
12.93,77.61,265,19,12,1.0
12.93,77.615,236,17,6,0.9322033898305084
12.93,77.62,102,13,8,0.0
12.93,77.625,24,12,5,0.0
12.93,77.63,695,13,11,0.0
12.93,77.675,10,5,4,0.0
12.93,77.68,99,14,8,0.0
12.93,77.685,2058,16,22,0.0
12.93,77.69,6705,15,18,0.0
12.93,77.69500000000001,169,12,12,0.0
12.93,77.74,2,1,1,0.0
12.935,77.49,61,8,8,0.0
12.935,77.51,19,8,5,0.0
12.935,77.515,392,15,14,0.0
12.935,77.52,61,12,13,0.0
12.935,77.525,2,2,2,0.0
12.935,77.53,70,13,12,0.0
12.935,77.535,44,8,5,0.0
12.935,77.545,19,4,4,0.0
12.935,77.55,15,7,2,0.0
12.935,77.555,41,8,5,0.0
12.935,77.56,14,4,4,0.0
12.935,77.565,21,7,5,0.0
12.935,77.57000000000001,39,7,5,1.0
12.935,77.575,287,12,7,1.0
12.935,77.58,609,20,6,0.9589490968801314
12.935,77.58500000000001,303,17,7,0.1716171617161716
12.935,77.59,108,11,9,0.0
12.935,77.595,27,8,8,0.9259259259259259
12.935,77.60000000000001,221,11,11,1.0
12.935,77.605,266,14,12,0.9699248120300752
12.935,77.61,203,14,9,1.0
12.935,77.615,909,20,13,0.7986798679867987
12.935,77.62,50,10,8,0.0
12.935,77.625,166,15,11,0.0
12.935,77.63,23,6,8,0.0
12.935,77.685,21,6,5,0.0
12.935,77.69,1323,14,20,0.0
12.935,77.69500000000001,2087,15,20,0.0
12.935,77.7,286,15,13,0.0
12.935,77.705,14,7,5,0.0
12.935,77.715,10,6,6,0.0
12.935,77.745,60,13,12,0.0
12.94,77.49,18,7,5,0.0
12.94,77.495,6,4,3,0.0
12.94,77.52,138,14,14,0.007246376811594203
12.94,77.525,117,12,17,0.905982905982906
12.94,77.53,16,6,7,0.6875
12.94,77.535,8,4,6,0.0
12.94,77.54,1,1,1,0.0
12.94,77.545,35,8,9,0.0
12.94,77.555,8,4,4,0.0
12.94,77.56,57,9,4,0.0
12.94,77.565,429,14,9,0.009324009324009324
12.94,77.57000000000001,1683,15,12,1.0
12.94,77.575,17,8,5,1.0
12.94,77.58,49,10,6,0.8979591836734694
12.94,77.58500000000001,67,10,10,0.0
12.94,77.59,122,14,7,1.0
12.94,77.595,78,13,9,0.9871794871794872
12.94,77.60000000000001,25,10,10,1.0
12.94,77.605,67,11,8,1.0
12.94,77.61,8,5,3,0.125
12.94,77.615,14,6,4,0.0
12.94,77.62,163,15,8,0.0
12.94,77.625,14,4,4,0.0
12.94,77.63,4,2,2,0.0
12.94,77.635,2,2,2,0.0
12.94,77.68,6,6,3,0.0
12.94,77.685,2,2,1,0.0
12.94,77.69,12,3,3,0.0
12.94,77.69500000000001,449,16,16,0.0
12.94,77.745,123,16,16,0.0
12.94,77.75,2,2,2,0.0
12.945,77.485,16,2,4,0.0
12.945,77.49,4,1,4,0.0
12.945,77.495,23,7,5,0.0
12.945,77.505,7,1,3,0.0
12.945,77.52,72,12,13,0.2638888888888889
12.945,77.525,45,8,12,1.0
12.945,77.53,106,13,12,0.22641509433962265
12.945,77.535,40,11,11,0.025
12.945,77.55,8,3,3,0.0
12.945,77.555,18,7,4,0.0
12.945,77.56,5,2,2,0.0
12.945,77.565,93,12,9,1.0
12.945,77.57000000000001,760,12,11,1.0
12.945,77.575,184,13,7,1.0
12.945,77.58,106,11,5,1.0
12.945,77.58500000000001,135,9,7,0.0
12.945,77.59,132,15,9,1.0
12.945,77.595,329,17,12,0.9696048632218845
12.945,77.60000000000001,24,8,6,1.0
12.945,77.605,25,9,7,1.0
12.945,77.615,19,6,6,0.0
12.945,77.62,3,2,2,0.0
12.945,77.625,35,4,6,0.0
12.945,77.635,3,2,3,0.0
12.945,77.64,2,1,1,0.0
12.945,77.645,2,2,2,0.0
12.945,77.685,9,5,4,0.0
12.945,77.69,1,1,1,0.0
12.945,77.69500000000001,737,13,19,0.0
12.945,77.715,14,5,5,0.0
12.945,77.745,6,1,1,0.0
12.95,77.47500000000001,3,3,3,0.0
12.95,77.48,3,1,2,0.0
12.95,77.485,3,2,2,0.0
12.95,77.495,11,6,6,0.0
12.95,77.515,6,3,4,0.0
12.95,77.52,114,12,11,0.0
12.95,77.525,5,1,3,0.0
12.95,77.535,77,15,15,0.961038961038961
12.95,77.54,1668,19,16,1.0
12.95,77.545,2,2,2,1.0
12.95,77.565,34,8,5,1.0
12.95,77.57000000000001,97,12,6,1.0
12.95,77.575,145,12,11,1.0
12.95,77.58,219,14,11,1.0
12.95,77.58500000000001,198,15,11,1.0
12.95,77.59,309,15,14,1.0
12.95,77.595,82,12,11,0.4878048780487805
12.95,77.60000000000001,9,3,2,1.0
12.95,77.605,129,12,5,0.9767441860465116
12.95,77.61,9,5,4,0.0
12.95,77.615,25,4,3,0.0
12.95,77.62,29,9,9,0.0
12.95,77.625,1,1,1,0.0
12.95,77.635,8,5,3,0.0
12.95,77.64,44,9,7,0.0
12.95,77.65,18,5,4,0.0
12.95,77.68,8,6,4,0.0
12.95,77.685,15,6,5,0.0
12.95,77.69,12,3,6,0.0
12.95,77.69500000000001,527,17,18,0.0
12.95,77.7,229,15,16,0.0
12.95,77.715,395,19,16,0.0
12.95,77.74,31,5,3,0.0
12.955,77.495,1,1,1,0.0
12.955,77.515,539,16,16,0.0
12.955,77.52,5,2,2,0.0
12.955,77.525,10,3,3,0.1
12.955,77.53,22,6,4,1.0
12.955,77.535,10,2,1,0.7
12.955,77.54,2,1,1,1.0
12.955,77.545,114,15,12,1.0
12.955,77.55,74,13,12,1.0
12.955,77.555,63,12,10,1.0
12.955,77.56,17,8,7,0.8235294117647058
12.955,77.565,208,12,10,1.0
12.955,77.57000000000001,171,12,15,1.0
12.955,77.575,2038,18,19,1.0
12.955,77.58,355,14,14,1.0
12.955,77.58500000000001,631,15,14,1.0
12.955,77.59,80,12,12,1.0
12.955,77.60000000000001,10,5,3,1.0
12.955,77.605,4,3,3,0.0
12.955,77.615,1,1,1,0.0
12.955,77.62,8,2,2,0.0
12.955,77.635,9,4,5,0.8888888888888888
12.955,77.64,69,10,7,0.10144927536231885
12.955,77.645,876,15,14,0.0
12.955,77.65,63,13,13,0.0
12.955,77.655,129,16,10,0.0
12.955,77.66,19,10,7,0.0
12.955,77.665,309,13,5,0.0
12.955,77.68,2,2,2,0.0
12.955,77.69,36,13,9,0.0
12.955,77.69500000000001,57,12,7,0.0
12.955,77.7,1638,20,20,0.0
12.955,77.705,76,6,7,0.0
12.955,77.71000000000001,129,14,11,0.0
12.955,77.715,585,16,15,0.0
12.955,77.72,29,10,10,0.0
12.955,77.72500000000001,18,8,6,0.0
12.955,77.73,95,15,14,0.0
12.955,77.735,17,6,4,0.0
12.955,77.74,20,6,8,0.0
12.955,77.745,38,10,13,0.0
12.96,77.495,4,1,1,0.0
12.96,77.5,21,9,3,0.0
12.96,77.505,31,8,8,0.0
12.96,77.51,477,15,12,0.0
12.96,77.515,1,1,1,0.0
12.96,77.525,981,12,9,0.3690112130479103
12.96,77.53,40,7,7,1.0
12.96,77.535,1506,16,16,0.9741035856573705
12.96,77.54,349,13,9,0.0
12.96,77.545,44,13,8,0.0
12.96,77.55,551,16,11,0.0852994555353902
12.96,77.555,364,16,16,0.5027472527472527
12.96,77.56,141,13,11,1.0
12.96,77.565,60,11,11,1.0
12.96,77.57000000000001,801,17,17,1.0
12.96,77.575,10409,23,19,1.0
12.96,77.58,3509,15,17,1.0
12.96,77.58500000000001,292,13,13,1.0
12.96,77.59,73,10,10,1.0
12.96,77.595,1290,13,9,1.0
12.96,77.60000000000001,127,12,12,0.9763779527559056
12.96,77.605,8,3,3,0.0
12.96,77.61,19,6,4,0.5263157894736842
12.96,77.615,28,3,3,0.8214285714285714
12.96,77.63,13,6,6,1.0
12.96,77.635,285,14,15,1.0
12.96,77.64,480,15,13,0.9604166666666667
12.96,77.645,349,15,9,0.0028653295128939827
12.96,77.65,2,2,1,0.0
12.96,77.66,1,1,1,0.0
12.96,77.665,15,3,4,0.0
12.96,77.675,4,4,3,0.0
12.96,77.68,7,1,1,0.0
12.96,77.69500000000001,1,1,1,0.0
12.96,77.7,185,14,9,0.0
12.96,77.705,6,2,2,0.0
12.96,77.71000000000001,14,6,4,0.0
12.96,77.715,1454,12,14,0.0
12.96,77.73,138,11,5,0.0
12.96,77.745,41,12,7,0.0
12.96,77.76,7,4,4,0.0
12.965,77.49,1,1,1,0.0
12.965,77.495,12,4,4,0.0
12.965,77.5,10,4,4,0.0
12.965,77.505,18,10,10,0.0
12.965,77.51,16,10,8,0.0
12.965,77.52,1,1,1,0.0
12.965,77.53,223,12,5,1.0
12.965,77.535,1798,16,17,1.0
12.965,77.54,102,12,6,0.029411764705882353
12.965,77.545,301,15,9,0.06312292358803986
12.965,77.55,7,4,5,0.0
12.965,77.555,30,10,7,0.0
12.965,77.56,11,4,5,0.09090909090909091
12.965,77.565,94,13,10,0.4787234042553192
12.965,77.57000000000001,1911,17,15,0.9811616954474097
12.965,77.575,2945,19,15,0.6478777589134126
12.965,77.58,905,18,14,0.9922651933701657
12.965,77.58500000000001,780,16,17,1.0
12.965,77.59,168,15,14,1.0
12.965,77.595,97,12,11,1.0
12.965,77.60000000000001,155,13,14,0.9741935483870968
12.965,77.605,263,12,8,0.030418250950570342
12.965,77.61,33,11,5,0.3333333333333333
12.965,77.615,39,10,7,1.0
12.965,77.62,1,1,1,1.0
12.965,77.625,16,6,7,0.25
12.965,77.63,12,6,3,0.0
12.965,77.635,163,12,10,0.006134969325153374
12.965,77.64,731,18,10,0.3967168262653899
12.965,77.645,200,17,10,0.0
12.965,77.65,68,12,7,0.0
12.965,77.655,92,13,6,0.0
12.965,77.7,149,14,15,0.0
12.965,77.71000000000001,60,8,7,0.0
12.965,77.715,714,12,14,0.0
12.965,77.73,2,2,2,0.0
12.965,77.735,9,5,5,0.0
12.965,77.74,1,1,1,0.0
12.965,77.745,103,14,6,0.0
12.965,77.75,2,2,2,0.0
12.965,77.755,1,1,1,0.0
12.97,77.49,2,2,2,0.0
12.97,77.495,5,4,3,0.0
12.97,77.505,186,14,8,0.0
12.97,77.51,46,12,9,0.0
12.97,77.525,12,4,4,0.5
12.97,77.53,6,2,2,1.0
12.97,77.535,848,14,13,1.0
12.97,77.54,1298,16,16,1.0
12.97,77.545,3925,18,15,1.0
12.97,77.55,2571,17,14,1.0
12.97,77.555,8,3,4,0.125
12.97,77.56,31,5,8,1.0
12.97,77.565,134,16,9,0.7910447761194029
12.97,77.57000000000001,507,17,17,0.9940828402366864
12.97,77.575,6833,17,18,1.0
12.97,77.58,1049,17,17,1.0
12.97,77.58500000000001,22,5,3,1.0
12.97,77.59,176,14,9,1.0
12.97,77.595,1000,15,16,0.98
12.97,77.60000000000001,124,14,11,0.28225806451612906
12.97,77.605,1275,17,15,0.0611764705882353
12.97,77.61,796,15,13,0.01256281407035176
12.97,77.615,1154,17,14,0.0034662045060658577
12.97,77.62,819,18,11,0.001221001221001221
12.97,77.625,233,11,14,0.008583690987124463
12.97,77.63,50,7,6,0.0
12.97,77.635,173,11,10,0.0
12.97,77.64,320,15,8,0.0
12.97,77.645,779,16,14,0.0
12.97,77.65,27,5,5,0.0
12.97,77.655,1243,17,13,0.0
12.97,77.67,4,4,3,0.0
12.97,77.675,3,3,3,0.0
12.97,77.69500000000001,5,4,3,0.0
12.97,77.7,14,4,3,0.0
12.97,77.705,13,2,4,0.0
12.97,77.71000000000001,767,16,17,0.0
12.97,77.715,1,1,1,0.0
12.97,77.72500000000001,2,1,1,0.0
12.97,77.73,3,3,2,0.0
12.97,77.74,2,1,1,0.0
12.97,77.745,1,1,1,0.0
12.97,77.75,15,5,2,0.0
12.975,77.485,4,3,2,0.0
12.975,77.505,3,1,2,0.0
12.975,77.51,36,10,6,0.0
12.975,77.515,4,3,2,0.0
12.975,77.52,4,2,3,0.0
12.975,77.525,12,5,4,0.08333333333333333
12.975,77.53,90,10,8,1.0
12.975,77.535,23,9,7,1.0
12.975,77.54,485,12,15,1.0
12.975,77.545,616,15,17,1.0
12.975,77.55,289,15,12,1.0
12.975,77.555,965,16,12,0.07357512953367876
12.975,77.56,907,15,16,1.0
12.975,77.565,7,5,3,1.0
12.975,77.57000000000001,5144,20,19,1.0
12.975,77.575,20798,20,21,1.0
12.975,77.58,2620,16,20,0.9290076335877863
12.975,77.58500000000001,341,13,10,1.0
12.975,77.59,330,14,9,1.0
12.975,77.595,98,12,7,0.24489795918367346
12.975,77.60000000000001,255,16,10,0.6274509803921569
12.975,77.605,1911,17,17,0.9994767137624281
12.975,77.61,372,13,10,0.021505376344086023
12.975,77.615,59,11,9,0.0
12.975,77.62,164,17,12,0.0
12.975,77.625,316,14,9,0.0
12.975,77.63,12,3,3,0.0
12.975,77.635,337,13,9,0.0
12.975,77.64,222,14,10,0.0
12.975,77.645,35,8,5,0.0
12.975,77.65,59,8,3,0.0
12.975,77.675,1,1,1,0.0
12.975,77.69,156,13,12,0.0
12.975,77.69500000000001,368,12,15,0.0
12.975,77.705,29,5,8,0.0
12.975,77.71000000000001,141,13,10,0.0
12.975,77.715,5,3,2,0.0
12.975,77.72,6,3,2,0.0
12.975,77.72500000000001,2,1,1,0.0
12.975,77.73,3,2,3,0.0
12.975,77.75,54,11,3,0.0
12.98,77.48,1,1,1,0.0
12.98,77.51,4,4,2,0.0
12.98,77.515,6,1,2,0.0
12.98,77.52,6,2,3,0.0
12.98,77.525,65,12,8,0.0
12.98,77.53,37,10,7,0.0
12.98,77.535,53,10,11,0.5471698113207547
12.98,77.54,11,2,2,1.0
12.98,77.545,591,15,15,1.0
12.98,77.55,406,14,16,1.0
12.98,77.555,649,14,16,1.0
12.98,77.56,436,13,17,0.9770642201834863
12.98,77.565,31,11,9,0.0
12.98,77.57000000000001,1035,17,16,0.9971014492753624
12.98,77.575,894,17,18,1.0
12.98,77.58,66,13,11,1.0
12.98,77.58500000000001,178,14,8,1.0
12.98,77.59,150,13,8,1.0
12.98,77.595,2206,15,15,1.0
12.98,77.60000000000001,4834,20,20,1.0
12.98,77.605,9209,18,16,0.9247475295906179
12.98,77.61,8674,18,17,0.6174775190223657
12.98,77.615,52,11,5,0.0
12.98,77.62,21,7,5,0.0
12.98,77.625,58,10,8,0.0
12.98,77.63,63,10,10,0.0
12.98,77.635,18,7,4,0.0
12.98,77.64,106,13,6,0.0
12.98,77.645,40,10,6,0.0
12.98,77.65,54,8,3,0.0
12.98,77.655,10,4,2,0.0
12.98,77.675,27,8,7,0.0
12.98,77.68,5,3,3,0.0
12.98,77.69,46,11,9,0.0
12.98,77.69500000000001,2,1,2,0.0
12.98,77.705,75,12,8,0.0
12.98,77.71000000000001,1,1,1,0.0
12.98,77.715,4,1,2,0.0
12.98,77.72,16,3,3,0.0
12.98,77.72500000000001,24,4,5,0.0
12.98,77.73,1,1,1,0.0
12.98,77.745,5,4,2,0.0
12.98,77.75,76,15,7,0.0
12.98,77.765,17,8,5,0.0
12.98,77.77,1,1,1,0.0
12.985,77.44500000000001,5,1,3,0.0
12.985,77.47,23,8,6,0.0
12.985,77.47500000000001,50,9,6,0.0
12.985,77.48,22,4,5,0.0
12.985,77.485,31,7,4,0.0
12.985,77.49,9,7,5,0.0
12.985,77.495,9,6,3,0.0
12.985,77.5,245,14,7,0.0
12.985,77.505,106,14,9,0.0
12.985,77.515,179,13,9,0.0
12.985,77.52,67,11,4,0.0
12.985,77.525,24,10,9,0.0
12.985,77.535,809,16,11,1.0
12.985,77.54,4,4,4,0.5
12.985,77.545,297,14,14,0.9966329966329966
12.985,77.55,1486,15,17,1.0
12.985,77.555,615,15,14,1.0
12.985,77.56,82,6,3,1.0
12.985,77.565,40,12,8,0.0
12.985,77.57000000000001,872,14,13,0.0045871559633027525
12.985,77.575,260,14,11,0.8769230769230769
12.985,77.58,243,14,10,1.0
12.985,77.58500000000001,62,12,7,1.0
12.985,77.59,382,14,9,0.8115183246073299
12.985,77.595,616,15,11,0.11525974025974026
12.985,77.60000000000001,308,15,11,0.02922077922077922
12.985,77.605,380,15,9,0.0
12.985,77.61,19,6,4,0.0
12.985,77.615,226,14,7,0.0
12.985,77.64,12,8,6,0.0
12.985,77.645,29,11,10,0.0
12.985,77.66,21,9,5,0.0
12.985,77.665,2,2,2,0.0
12.985,77.67,1,1,1,0.0
12.985,77.675,4,2,2,0.0
12.985,77.685,15,4,5,0.0
12.985,77.69,20,1,2,0.0
12.985,77.705,66,12,12,0.0
12.985,77.71000000000001,52,10,6,0.0
12.985,77.72,1,1,1,0.0
12.985,77.72500000000001,25,9,5,0.0
12.985,77.73,507,18,8,0.0
12.985,77.735,185,10,4,0.0
12.985,77.74,12,3,3,0.0
12.985,77.745,101,7,3,0.0
12.985,77.75,1,1,1,0.0
12.99,77.485,1,1,1,0.0
12.99,77.5,122,14,9,0.0
12.99,77.505,5,4,2,0.0
12.99,77.52,11,3,2,0.0
12.99,77.53,2,2,2,0.0
12.99,77.535,197,15,9,1.0
12.99,77.54,3,3,2,0.3333333333333333
12.99,77.55,1619,16,16,1.0
12.99,77.555,330,14,12,1.0
12.99,77.56,3,2,2,0.0
12.99,77.565,60,11,9,0.0
12.99,77.57000000000001,1262,16,15,0.0
12.99,77.575,47,12,6,0.0851063829787234
12.99,77.58,5,3,2,1.0
12.99,77.58500000000001,2850,14,13,0.896140350877193
12.99,77.59,262,13,7,0.0
12.99,77.595,179,13,8,0.0
12.99,77.60000000000001,177,9,9,0.0
12.99,77.605,319,12,12,0.0
12.99,77.61,412,12,11,0.0
12.99,77.615,188,15,10,0.0
12.99,77.625,3,2,2,0.0
12.99,77.65,184,5,5,0.0
12.99,77.655,60,14,10,0.0
12.99,77.66,876,19,8,0.0
12.99,77.665,5,4,3,0.0
12.99,77.68,1,1,1,0.0
12.99,77.685,33,5,5,0.0
12.99,77.69,10,6,3,0.0
12.99,77.69500000000001,103,8,9,0.0
12.99,77.7,47,9,6,0.0
12.99,77.705,20,7,6,0.0
12.99,77.71000000000001,21,7,5,0.0
12.99,77.715,100,13,10,0.0
12.99,77.72,12,6,3,0.0
12.99,77.73,1,1,1,0.0
12.99,77.755,25,9,6,0.0
12.995,77.485,59,6,6,0.0
12.995,77.49,1,1,1,0.0
12.995,77.52,28,5,6,0.0
12.995,77.525,24,4,4,0.0
12.995,77.535,6,5,2,0.8333333333333334
12.995,77.54,868,15,11,1.0
12.995,77.545,4611,19,17,1.0
12.995,77.55,2395,17,15,1.0
12.995,77.555,139,10,7,0.6402877697841727
12.995,77.56,583,15,9,0.0
12.995,77.565,919,15,11,0.0
12.995,77.57000000000001,1895,14,13,0.0
12.995,77.575,19,9,7,0.0
12.995,77.58,574,14,11,0.6306620209059234
12.995,77.58500000000001,19,8,4,0.21052631578947367
12.995,77.59,6,5,4,0.0
12.995,77.595,67,10,7,0.0
12.995,77.60000000000001,39,12,4,0.0
12.995,77.605,116,13,8,0.0
12.995,77.61,1502,17,13,0.0
12.995,77.615,215,17,11,0.0
12.995,77.62,147,9,12,0.0
12.995,77.625,76,8,5,0.0
12.995,77.65,16,2,1,0.0
12.995,77.66,1,1,1,0.0
12.995,77.665,1907,17,21,0.0
12.995,77.67,184,15,13,0.0
12.995,77.675,282,15,12,0.0
12.995,77.68,7,5,6,0.0
12.995,77.685,118,12,12,0.0
12.995,77.69,522,17,14,0.0
12.995,77.69500000000001,865,16,12,0.0
12.995,77.7,2,2,2,0.0
12.995,77.715,12,7,3,0.0
13.0,77.48,1,1,1,0.0
13.0,77.485,8,4,4,0.0
13.0,77.5,2,1,1,0.0
13.0,77.52,8,4,4,0.0
13.0,77.525,132,12,10,0.0
13.0,77.53,8,7,3,0.0
13.0,77.535,11,5,6,0.0
13.0,77.54,13,6,3,0.9230769230769231
13.0,77.545,607,15,12,1.0
13.0,77.55,1788,16,15,1.0
13.0,77.555,5,2,1,0.0
13.0,77.56,30,5,7,0.0
13.0,77.565,350,11,9,0.0
13.0,77.57000000000001,835,14,12,0.0
13.0,77.575,5,4,2,0.0
13.0,77.58,19,11,6,0.0
13.0,77.59,84,13,9,0.0
13.0,77.595,127,10,13,0.0
13.0,77.605,1,1,1,0.0
13.0,77.61,466,16,8,0.0
13.0,77.615,114,15,7,0.0
13.0,77.62,31,7,2,0.0
13.0,77.625,10,6,3,0.0
13.0,77.63,67,10,8,0.0
13.0,77.635,6,5,3,0.0
13.0,77.66,88,8,5,0.0
13.0,77.67,5,2,2,0.0
13.0,77.675,1756,15,18,0.0
13.0,77.68,81,10,11,0.0
13.0,77.685,22,9,3,0.0
13.0,77.69,3,1,2,0.0
13.0,77.7,2,1,1,0.0
13.0,77.705,8,5,4,0.0
13.0,77.71000000000001,46,12,10,0.0
13.0,77.715,11,8,5,0.0
13.0,77.72,148,8,7,0.0
13.0,77.755,104,10,11,0.0
13.005,77.48,20,1,4,0.0
13.005,77.485,1,1,1,0.0
13.005,77.505,17,8,9,0.0
13.005,77.525,438,16,17,0.0
13.005,77.53,4,3,3,0.0
13.005,77.535,3,3,2,0.0
13.005,77.54,242,14,11,0.012396694214876033
13.005,77.545,1162,16,16,1.0
13.005,77.55,2268,19,15,0.8236331569664903
13.005,77.555,1201,14,12,0.5345545378850958
13.005,77.56,58,12,6,0.0
13.005,77.565,1076,14,12,0.0
13.005,77.57000000000001,2778,17,15,0.0
13.005,77.575,157,15,10,0.0
13.005,77.58,101,13,7,0.0
13.005,77.59,121,15,8,0.0
13.005,77.61,50,12,6,0.0
13.005,77.615,2,2,1,0.0
13.005,77.62,106,11,7,0.0
13.005,77.635,11,4,3,0.0
13.005,77.64,5,4,3,0.0
13.005,77.645,1,1,1,0.0
13.005,77.655,13,4,4,0.0
13.005,77.66,4,3,3,0.0
13.005,77.68,153,14,8,0.0
13.005,77.685,1128,17,16,0.0
13.005,77.69,1325,23,20,0.0
13.005,77.69500000000001,2582,24,17,0.0
13.005,77.7,1,1,1,0.0
13.005,77.705,2,1,2,0.0
13.005,77.71000000000001,2,2,2,0.0
13.005,77.75,8,2,2,0.0
13.005,77.755,111,13,9,0.0
13.01,77.485,1,1,1,0.0
13.01,77.49,61,10,5,0.0
13.01,77.5,4,2,2,0.0
13.01,77.505,52,12,9,0.0
13.01,77.525,41,10,12,0.0
13.01,77.53,49,11,10,0.0
13.01,77.535,36,7,8,0.0
13.01,77.54,50,10,7,0.0
13.01,77.545,209,14,11,0.9138755980861244
13.01,77.55,5572,18,19,0.08219669777458723
13.01,77.555,41,7,7,0.0
13.01,77.565,41,10,6,0.0
13.01,77.57000000000001,16,6,1,0.0
13.01,77.575,5,4,1,0.2
13.01,77.58,58,13,6,1.0
13.01,77.58500000000001,7,6,4,0.14285714285714285
13.01,77.59,16,11,7,0.0
13.01,77.595,23,3,4,0.0
13.01,77.61,5,3,4,0.0
13.01,77.615,1,1,1,0.0
13.01,77.62,2,2,2,0.0
13.01,77.625,80,12,12,0.0
13.01,77.635,5,5,3,0.0
13.01,77.64,3,2,1,0.0
13.01,77.645,9,5,6,0.0
13.01,77.655,19,8,7,0.0
13.01,77.66,11,8,4,0.0
13.01,77.665,2,1,1,0.0
13.01,77.67,1,1,1,0.0
13.01,77.69,3,1,1,0.0
13.01,77.69500000000001,343,16,17,0.0
13.01,77.7,9,5,6,0.0
13.01,77.705,1,1,1,0.0
13.01,77.755,1,1,1,0.0
13.01,77.76,21,8,2,0.0
13.015,77.48,2,2,2,0.0
13.015,77.485,3,1,1,0.0
13.015,77.52,1,1,1,0.0
13.015,77.525,19,3,6,0.0
13.015,77.53,584,16,16,0.0
13.015,77.535,69,11,12,0.0
13.015,77.54,42,9,10,0.0
13.015,77.545,83,12,13,0.0
13.015,77.55,121,16,11,0.0
13.015,77.555,566,16,16,0.0
13.015,77.56,12,5,5,0.0
13.015,77.58,26,6,4,0.7307692307692307
13.015,77.58500000000001,28,5,6,0.2857142857142857
13.015,77.59,126,11,9,0.0
13.015,77.595,9,2,4,0.0
13.015,77.615,21,6,6,0.0
13.015,77.63,2,2,2,0.0
13.015,77.635,16,7,5,0.0
13.015,77.64,4,3,4,0.0
13.015,77.65,11,6,4,0.0
13.015,77.655,18,9,5,0.0
13.015,77.66,1,1,1,0.0
13.015,77.67,5,5,5,0.0
13.015,77.7,21,7,7,0.0
13.015,77.705,59,14,10,0.0
13.015,77.76,28,8,4,0.0
13.02,77.505,2,2,1,0.0
13.02,77.51,2,2,2,0.0
13.02,77.515,6,1,2,0.0
13.02,77.52,2,2,2,0.0
13.02,77.525,33,9,11,0.0
13.02,77.53,199,16,14,0.0
13.02,77.535,52,11,11,0.0
13.02,77.545,42,11,9,0.0
13.02,77.55,49,13,10,0.0
13.02,77.555,10,3,2,0.0
13.02,77.56,43,8,7,0.0
13.02,77.58,329,14,15,0.0
13.02,77.58500000000001,98,14,9,0.0
13.02,77.59,466,15,13,0.0
13.02,77.595,1,1,1,0.0
13.02,77.60000000000001,24,10,5,0.0
13.02,77.605,5,1,2,0.0
13.02,77.61,32,7,4,0.0
13.02,77.615,5,4,4,0.0
13.02,77.625,5,3,2,0.0
13.02,77.63,4,2,2,0.0
13.02,77.635,234,15,7,0.0
13.02,77.64,60,14,6,0.0
13.02,77.645,13,5,3,0.0
13.02,77.65,4,3,3,0.0
13.02,77.655,59,9,8,0.0
13.02,77.67,6,5,4,0.0
13.02,77.675,10,7,3,0.0
13.02,77.685,1,1,1,0.0
13.02,77.69,3,1,1,0.0
13.02,77.69500000000001,1,1,1,0.0
13.02,77.7,14,5,5,0.0
13.02,77.705,1,1,1,0.0
13.02,77.71000000000001,1,1,1,0.0
13.02,77.715,11,6,3,0.0
13.02,77.76,12,6,2,0.0
13.025,77.495,1,1,1,0.0
13.025,77.51,13,8,10,0.0
13.025,77.515,27,6,5,0.0
13.025,77.52,26,5,7,0.0
13.025,77.53,13,5,7,0.0
13.025,77.535,196,16,14,0.0
13.025,77.54,502,17,15,0.0
13.025,77.545,10,5,3,0.0
13.025,77.55,3,2,1,0.0
13.025,77.555,1,1,1,0.0
13.025,77.56,50,13,9,0.0
13.025,77.565,1,1,1,0.0
13.025,77.57000000000001,760,14,9,0.0
13.025,77.575,472,14,11,0.0
13.025,77.58,57,10,6,0.0
13.025,77.58500000000001,308,16,13,0.0
13.025,77.59,35,12,9,0.0
13.025,77.605,3,1,2,0.0
13.025,77.61,5,2,2,0.0
13.025,77.62,8,6,6,0.0
13.025,77.625,24,10,8,0.0
13.025,77.63,33,12,7,0.0
13.025,77.635,5,4,3,0.0
13.025,77.64,1,1,1,0.0
13.025,77.655,1,1,1,0.0
13.025,77.66,28,8,5,0.0
13.025,77.715,1,1,1,0.0
13.025,77.72,51,12,8,0.0
13.025,77.75,1,1,1,0.0
13.03,77.5,14,2,5,0.0
13.03,77.51,4,4,4,0.0
13.03,77.525,5,5,4,0.0
13.03,77.53,72,8,9,0.0
13.03,77.535,551,17,15,0.0
13.03,77.54,1,1,1,0.0
13.03,77.55,8,2,6,0.0
13.03,77.555,304,14,13,0.0
13.03,77.56,63,7,5,0.0
13.03,77.565,39,11,9,0.0
13.03,77.57000000000001,20,8,5,0.0
13.03,77.575,28,7,6,0.0
13.03,77.58,9,1,4,0.0
13.03,77.58500000000001,557,15,12,0.0
13.03,77.59,2,2,1,0.0
13.03,77.615,1,1,1,0.0
13.03,77.62,318,11,15,0.0
13.03,77.625,48,8,4,0.0
13.03,77.63,2,2,2,0.0
13.03,77.635,19,8,5,0.0
13.03,77.715,1,1,1,0.0
13.03,77.73,34,5,6,0.0
13.03,77.735,2,2,2,0.0
13.035,77.5,7,5,3,0.0
13.035,77.51,42,8,8,0.0
13.035,77.515,196,15,12,0.0
13.035,77.52,24,8,10,0.0
13.035,77.53,1,1,1,0.0
13.035,77.535,29,6,7,0.0
13.035,77.555,6,5,4,0.0
13.035,77.56,5,2,3,0.0
13.035,77.565,61,13,8,0.0
13.035,77.57000000000001,111,11,8,0.0
13.035,77.575,35,6,3,0.0
13.035,77.58500000000001,2833,17,18,0.0
13.035,77.59,9,3,4,0.0
13.035,77.595,1,1,1,0.0
13.035,77.60000000000001,1,1,1,0.0
13.035,77.605,2,1,1,0.0
13.035,77.61,2,2,2,0.0
13.035,77.62,125,7,10,0.0
13.035,77.625,134,11,13,0.0
13.035,77.64,2,2,2,0.0
13.035,77.66,1,1,1,0.0
13.035,77.67,1,1,1,0.0
13.035,77.73,3,1,2,0.0
13.035,77.735,69,11,9,0.0
13.04,77.505,6,5,3,0.0
13.04,77.51,111,12,14,0.0
13.04,77.515,180,17,11,0.0
13.04,77.52,3,2,2,0.0
13.04,77.525,7,2,3,0.0
13.04,77.535,1,1,1,0.0
13.04,77.545,6,5,4,0.0
13.04,77.55,20,8,8,0.0
13.04,77.555,9,4,4,0.0
13.04,77.565,3,3,1,0.0
13.04,77.57000000000001,24,8,6,0.0
13.04,77.575,4,2,2,0.0
13.04,77.58,17,6,4,0.0
13.04,77.58500000000001,97,13,12,0.0
13.04,77.59,66,13,9,0.0
13.04,77.60000000000001,7,4,4,0.0
13.04,77.605,1,1,1,0.0
13.04,77.61,44,11,11,0.0
13.04,77.615,19,9,7,0.0
13.04,77.62,24,8,9,0.0
13.04,77.625,15,4,2,0.0
13.04,77.64,1,1,1,0.0
13.04,77.745,8,4,3,0.0
13.04,77.76,1,1,1,0.0
13.045,77.49,10,5,7,0.0
13.045,77.495,142,14,15,0.0
13.045,77.5,179,12,12,0.0
13.045,77.505,274,17,16,0.0
13.045,77.515,1,1,1,0.0
13.045,77.52,59,13,7,0.0
13.045,77.54,101,8,11,0.0
13.045,77.545,92,12,6,0.0
13.045,77.55,12,9,6,0.0
13.045,77.555,15,7,7,0.0
13.045,77.565,2,2,2,0.0
13.045,77.57000000000001,163,12,10,0.0
13.045,77.575,932,16,18,0.0
13.045,77.58,7,1,3,0.0
13.045,77.59,253,15,9,0.0
13.045,77.60000000000001,5,1,2,0.0
13.045,77.615,1,1,1,0.0
13.045,77.625,94,12,5,0.0
13.045,77.63,13,5,2,0.0
13.045,77.64,2,2,1,0.0
13.045,77.645,8,5,4,0.0
13.045,77.745,21,9,11,0.0
13.045,77.75,199,16,17,0.0
13.05,77.48,17,2,2,0.0
13.05,77.485,65,10,12,0.0
13.05,77.49,80,9,10,0.0
13.05,77.495,1,1,1,0.0
13.05,77.505,90,9,8,0.0
13.05,77.51,6,3,3,0.0
13.05,77.515,8,2,4,0.0
13.05,77.52,1,1,1,0.0
13.05,77.525,249,6,3,0.0
13.05,77.53,12,5,8,0.0
13.05,77.535,19,6,7,0.0
13.05,77.55,191,11,9,0.0
13.05,77.565,1,1,1,0.0
13.05,77.57000000000001,22,4,5,0.0
13.05,77.575,27,5,5,0.0
13.05,77.58500000000001,10,3,4,0.0
13.05,77.59,407,14,14,0.0
13.05,77.62,9,3,5,0.0
13.05,77.63,41,7,3,0.0
13.05,77.645,15,8,5,0.0
13.05,77.745,1,1,1,0.0
13.05,77.76,80,14,12,0.0
13.055,77.465,52,12,13,0.0
13.055,77.47,42,10,8,0.0
13.055,77.47500000000001,9,4,2,0.0
13.055,77.48,2,1,2,0.0
13.055,77.505,82,11,6,0.0
13.055,77.515,2,1,2,0.0
13.055,77.53,45,8,9,0.0
13.055,77.535,1,1,1,0.0
13.055,77.545,218,14,11,0.0
13.055,77.55,1,1,1,0.0
13.055,77.555,12,5,4,0.0
13.055,77.575,68,13,9,0.0
13.055,77.58,23,7,5,0.0
13.055,77.58500000000001,88,12,8,0.0
13.055,77.59,372,15,15,0.0
13.055,77.595,2,1,2,0.0
13.055,77.625,11,6,5,0.0
13.055,77.63,11,4,4,0.0
13.055,77.645,16,5,3,0.0
13.055,77.65,28,8,8,0.0
13.055,77.74,2,2,2,0.0
13.055,77.745,1,1,1,0.0
13.055,77.76,25,3,2,0.0
13.055,77.765,5,1,2,0.0
13.06,77.46000000000001,39,8,8,0.0
13.06,77.5,6,4,5,0.0
13.06,77.505,5,2,5,0.0
13.06,77.53,3,2,2,0.0
13.06,77.57000000000001,15,8,6,0.0
13.06,77.575,66,12,12,0.0
13.06,77.58,10,5,1,0.0
13.06,77.58500000000001,483,16,11,0.0
13.06,77.59,360,14,11,0.0
13.06,77.625,1,1,1,0.0
13.06,77.63,2,2,1,0.0
13.06,77.645,24,11,3,0.0
13.06,77.65,97,12,8,0.0
13.06,77.735,1,1,1,0.0
13.06,77.74,5,3,3,0.0
13.065,77.44500000000001,17,6,6,0.0
13.065,77.45,6,4,3,0.0
13.065,77.5,7,6,4,0.0
13.065,77.525,21,5,6,0.0
13.065,77.53,61,8,10,0.0
13.065,77.55,1,1,1,0.0
13.065,77.555,7,2,3,0.0
13.065,77.565,2,2,1,0.0
13.065,77.57000000000001,11,4,1,0.0
13.065,77.575,7,2,1,0.0
13.065,77.58,43,6,6,0.0
13.065,77.58500000000001,121,11,7,0.0
13.065,77.59,261,10,11,0.0
13.065,77.60000000000001,2,2,2,0.0
13.065,77.62,3,2,2,0.0
13.065,77.625,74,13,5,0.0
13.065,77.63,12,6,6,0.0
13.065,77.64,3,3,2,0.0
13.07,77.44,5,1,2,0.0
13.07,77.5,15,4,3,0.0
13.07,77.525,8,2,3,0.0
13.07,77.555,6,3,3,0.0
13.07,77.565,3,3,1,0.0
13.07,77.57000000000001,5,2,4,0.0
13.07,77.58,5,3,3,0.0
13.07,77.58500000000001,5378,17,12,0.0
13.07,77.59,453,14,12,0.0
13.07,77.60000000000001,15,6,4,0.0
13.07,77.605,11,3,3,0.0
13.07,77.615,1,1,1,0.0
13.07,77.62,3,2,3,0.0
13.07,77.63,111,13,8,0.0
13.07,77.635,6,3,3,0.0
13.07,77.65,3,3,2,0.0
13.075,77.5,2,2,2,0.0
13.075,77.545,1,1,1,0.0
13.075,77.555,26,8,4,0.0
13.075,77.59,4,2,3,0.0
13.075,77.63,8,5,5,0.0
13.08,77.5,6,4,5,0.0
13.08,77.545,52,13,10,0.0
13.08,77.55,1,1,1,0.0
13.08,77.555,17,6,4,0.0
13.08,77.56,5,2,3,0.0
13.08,77.575,3,1,2,0.0
13.08,77.58,7,1,2,0.0
13.08,77.59,2,2,2,0.0
13.08,77.63,14,8,7,0.0
13.08,77.635,74,9,5,0.0
13.085,77.485,19,1,2,0.0
13.085,77.49,1,1,1,0.0
13.085,77.555,1,1,1,0.0
13.085,77.63,1,1,1,0.0
13.085,77.635,20,2,4,0.0
13.09,77.485,1,1,1,0.0
13.09,77.555,1,1,1,0.0
13.09,77.58,13,2,3,0.0
13.09,77.59,399,12,7,0.0
13.09,77.595,23,10,6,0.0
13.09,77.60000000000001,9,1,4,0.0
13.09,77.635,3,2,2,0.0
13.095,77.56,7,2,3,0.0
13.095,77.565,36,8,9,0.0
13.095,77.57000000000001,28,7,5,0.0
13.095,77.575,106,10,10,0.0
13.095,77.58,43,5,4,0.0
13.095,77.58500000000001,189,11,8,0.0
13.095,77.59,3,3,3,0.0
13.095,77.595,764,14,18,0.0
13.095,77.60000000000001,75,6,8,0.0
13.1,77.575,8,4,2,0.0
13.1,77.58,13,7,2,0.0
13.1,77.58500000000001,3,3,3,0.0
13.1,77.595,1,1,1,0.0
13.1,77.60000000000001,6,4,4,0.0
13.1,77.61,2,1,2,0.0
13.1,77.615,1,1,1,0.0
13.1,77.63,3,2,2,0.0
13.105,77.58,2,2,2,0.0
13.105,77.595,2,1,1,0.0
13.105,77.60000000000001,35,6,9,0.0
13.11,77.575,6,4,2,0.0
13.11,77.58,1,1,1,0.0
13.11,77.60000000000001,14,5,5,0.0
13.11,77.605,9,2,4,0.0
13.11,77.63,1,1,1,0.0
13.115,77.575,43,7,6,0.0
13.115,77.605,26,4,2,0.0
13.115,77.61,14,2,4,0.0
13.115,77.63,20,6,5,0.0
13.12,77.57000000000001,1,1,1,0.0
13.12,77.605,7,3,1,0.0
13.12,77.61,113,12,11,0.0
13.12,77.615,62,7,10,0.0
13.12,77.62,55,9,7,0.0
13.12,77.625,16,4,5,0.0
13.12,77.63,283,15,16,0.0
13.125,77.57000000000001,6,2,4,0.0
13.13,77.57000000000001,1,1,1,0.0
13.135,77.615,12,6,9,0.0
13.135,77.62,1,1,1,0.0
13.14,77.615,125,12,11,0.0
13.145,77.615,6,2,3,0.0
13.15,77.615,11,7,5,0.0
13.16,77.595,18,6,4,0.0
13.16,77.625,29,9,5,0.0
13.16,77.64,1,1,1,0.0
13.165,77.60000000000001,2,1,1,0.0
13.165,77.705,1,1,1,0.0
13.165,77.71000000000001,1,1,1,0.0
13.17,77.72500000000001,1,1,1,0.0
13.175,77.635,19,3,3,0.0
13.18,77.64,1,1,1,0.0
13.18,77.675,2488,18,11,0.0
13.18,77.68,305,15,6,0.0
13.18,77.685,218,11,5,0.0
13.18,77.69,41,4,2,0.0
13.18,77.69500000000001,6,2,1,0.0
13.185,77.635,7,2,1,0.0
13.185,77.64,14,3,1,0.0
13.185,77.645,4,3,1,0.0
13.185,77.67,1,1,1,0.0
13.185,77.675,570,16,8,0.0
13.185,77.68,1211,19,7,0.0
13.19,77.64,3,1,1,0.0
13.19,77.645,939,16,14,0.0
13.19,77.65,1,1,1,0.0
13.19,77.675,1,1,1,0.0
13.19,77.68,244,15,6,0.0
13.19,77.685,1,1,1,0.0
13.19,77.69,3,2,1,0.0
13.19,77.69500000000001,13,6,1,0.0
13.19,77.7,2,2,1,0.0
13.19,77.705,2,1,1,0.0
13.195,77.67,1,1,1,0.0
13.195,77.675,22,9,3,0.0
13.195,77.68,18,9,1,0.0
13.195,77.685,4,2,1,0.0
13.195,77.69,2,2,1,0.0
13.195,77.69500000000001,3,2,1,0.0
13.195,77.7,50,7,5,0.0
13.195,77.705,39,10,2,0.0
13.195,77.71000000000001,2,2,1,0.0
13.195,77.715,1,1,1,0.0
13.2,77.66,6,3,2,0.0
13.2,77.675,29,4,3,0.0
13.2,77.685,1,1,1,0.0
13.23,77.69,2,1,1,0.0
13.24,77.7,7,3,3,0.0
13.24,77.705,1,1,1,0.0
13.24,77.71000000000001,49,9,5,0.0
13.24,77.715,3,3,1,0.0
13.245,77.71000000000001,34,9,6,0.0
13.245,77.715,22,8,5,0.0
13.25,77.705,3,1,1,0.0
13.255,77.71000000000001,4,3,2,0.0
13.255,77.715,4,1,1,0.0
13.26,77.715,1,1,1,0.0
13.265,77.715,1,1,1,0.0
13.29,77.53,1,1,1,0.0
